"RK",TIERS,"PLAYER NAME",TEAM,"POS","BYE WEEK","SOS SEASON","ECR VS. ADP"
"1",1,"Christian McCaffrey",SF,"RB1","9","2 out of 5 stars","0"
"2",1,"CeeDee Lamb",DAL,"WR1","7","3 out of 5 stars","0"
"3",1,"Tyreek Hill",MIA,"WR2","6","2 out of 5 stars","0"
"4",1,"Ja'Marr Chase",CIN,"WR3","12","2 out of 5 stars","+3"
"5",1,"Bijan Robinson",ATL,"RB2","12","4 out of 5 stars","0"
"6",1,"Breece Hall",NYJ,"RB3","12","2 out of 5 stars","-2"
"7",1,"Amon-Ra St. Brown",DET,"WR4","5","4 out of 5 stars","+1"
"8",1,"Justin Jefferson",MIN,"WR5","6","3 out of 5 stars","-2"
"9",2,"A.J. Brown",PHI,"WR6","5","2 out of 5 stars","+1"
"10",2,"Garrett Wilson",NYJ,"WR7","12","4 out of 5 stars","+2"
"11",2,"Jonathan Taylor",IND,"RB4","14","2 out of 5 stars","-2"
"12",2,"Jahmyr Gibbs",DET,"RB5","5","3 out of 5 stars","+1"
"13",2,"Puka Nacua",LAR,"WR8","6","3 out of 5 stars","+1"
"14",2,"Saquon Barkley",PHI,"RB6","5","4 out of 5 stars","-3"
"15",3,"Marvin Harrison Jr.",ARI,"WR9","11","3 out of 5 stars","+1"
"16",3,"Derrick Henry",BAL,"RB7","14","3 out of 5 stars","+2"
"17",3,"Davante Adams",LV,"WR10","10","3 out of 5 stars","+2"
"18",3,"Drake London",ATL,"WR11","12","4 out of 5 stars","+5"
"19",3,"Kyren Williams",LAR,"RB8","6","3 out of 5 stars","-4"
"20",3,"Travis Etienne Jr.",JAC,"RB9","12","2 out of 5 stars","-3"
"21",3,"Chris Olave",NO,"WR12","12","3 out of 5 stars","+3"
"22",3,"Mike Evans",TB,"WR13","11","3 out of 5 stars","+9"
"23",3,"Josh Allen",BUF,"QB1","12","1 out of 5 stars","-1"
"24",3,"Isiah Pacheco",KC,"RB10","6","3 out of 5 stars","-3"
"25",3,"Deebo Samuel Sr.",SF,"WR14","9","2 out of 5 stars","+2"
"26",3,"Brandon Aiyuk",SF,"WR15","9","2 out of 5 stars","+7"
"27",3,"Nico Collins",HOU,"WR16","14","3 out of 5 stars","+2"
"28",3,"Jaylen Waddle",MIA,"WR17","6","2 out of 5 stars","+8"
"29",4,"Jalen Hurts",PHI,"QB2","5","2 out of 5 stars","+1"
"30",4,"De'Von Achane",MIA,"RB11","6","3 out of 5 stars","-10"
"31",4,"Cooper Kupp",LAR,"WR18","6","3 out of 5 stars","+4"
"32",4,"Sam LaPorta",DET,"TE1","5","3 out of 5 stars","-4"
"33",4,"Travis Kelce",KC,"TE2","6","3 out of 5 stars","-7"
"34",4,"DK Metcalf",SEA,"WR19","10","3 out of 5 stars","+7"
"35",4,"DJ Moore",CHI,"WR20","7","4 out of 5 stars","+5"
"36",4,"Patrick Mahomes II",KC,"QB3","6","3 out of 5 stars","-4"
"37",4,"Lamar Jackson",BAL,"QB4","14","4 out of 5 stars","+1"
"38",4,"Michael Pittman Jr.",IND,"WR21","14","4 out of 5 stars","-1"
"39",4,"DeVonta Smith",PHI,"WR22","5","2 out of 5 stars","+8"
"40",4,"Malik Nabers",NYG,"WR23","11","3 out of 5 stars","+11"
"41",4,"Josh Jacobs",GB,"RB12","10","1 out of 5 stars","-16"
"42",4,"Amari Cooper",CLE,"WR24","10","3 out of 5 stars","+11"
"43",4,"Rachaad White",TB,"RB13","11","5 out of 5 stars","-9"
"44",4,"James Cook",BUF,"RB14","12","2 out of 5 stars","-5"
"45",5,"Joe Mixon",HOU,"RB15","14","3 out of 5 stars","-2"
"46",5,"Kenneth Walker III",SEA,"RB16","10","4 out of 5 stars","-1"
"47",5,"Mark Andrews",BAL,"TE3","14","3 out of 5 stars","+2"
"48",5,"Tee Higgins",CIN,"WR25","12","2 out of 5 stars","+10"
"49",5,"Stefon Diggs",HOU,"WR26","14","3 out of 5 stars","-7"
"50",5,"Anthony Richardson",IND,"QB5","14","5 out of 5 stars","0"
"51",5,"Trey McBride",ARI,"TE4","11","5 out of 5 stars","-3"
"52",5,"Alvin Kamara",NO,"RB17","12","5 out of 5 stars","-8"
"53",5,"George Pickens",PIT,"WR27","9","1 out of 5 stars","+4"
"54",5,"Zay Flowers",BAL,"WR28","14","3 out of 5 stars","+7"
"55",5,"C.J. Stroud",HOU,"QB6","14","2 out of 5 stars","-9"
"56",5,"Tank Dell",HOU,"WR29","14","3 out of 5 stars","+9"
"57",5,"Christian Kirk",JAC,"WR30","12","4 out of 5 stars","+17"
"58",5,"Terry McLaurin",WAS,"WR31","14","3 out of 5 stars","+11"
"59",5,"James Conner",ARI,"RB18","11","2 out of 5 stars","-4"
"60",5,"Kyler Murray",ARI,"QB7","11","2 out of 5 stars","+6"
"61",5,"David Montgomery",DET,"RB19","5","3 out of 5 stars","-2"
"62",5,"Rashee Rice",KC,"WR32","6","3 out of 5 stars","+19"
"63",5,"Rhamondre Stevenson",NE,"RB20","14","2 out of 5 stars","-7"
"64",5,"Aaron Jones",MIN,"RB21","6","3 out of 5 stars","-10"
"65",5,"Joe Burrow",CIN,"QB8","12","2 out of 5 stars","-5"
"66",6,"Dalton Kincaid",BUF,"TE5","12","2 out of 5 stars","-14"
"67",6,"Chris Godwin",TB,"WR33","11","3 out of 5 stars","+9"
"68",6,"Dak Prescott",DAL,"QB9","7","2 out of 5 stars","+4"
"69",6,"Diontae Johnson",CAR,"WR34","11","5 out of 5 stars","+17"
"70",6,"Najee Harris",PIT,"RB22","9","4 out of 5 stars","-2"
"71",6,"Calvin Ridley",TEN,"WR35","5","4 out of 5 stars","+6"
"72",6,"Keenan Allen",CHI,"WR36","7","4 out of 5 stars","-2"
"73",6,"Jordan Love",GB,"QB10","10","5 out of 5 stars","-2"
"74",6,"Zamir White",LV,"RB23","10","3 out of 5 stars","-7"
"75",6,"Raheem Mostert",MIA,"RB24","6","3 out of 5 stars","0"
"76",6,"D'Andre Swift",CHI,"RB25","7","2 out of 5 stars","-12"
"77",6,"Kyle Pitts",ATL,"TE6","12","3 out of 5 stars","-14"
"78",6,"George Kittle",SF,"TE7","9","4 out of 5 stars","-16"
"79",6,"Jayden Reed",GB,"WR37","10","4 out of 5 stars","-1"
"80",6,"Tony Pollard",TEN,"RB26","5","3 out of 5 stars","-1"
"81",6,"Javonte Williams",DEN,"RB27","14","4 out of 5 stars","+9"
"82",6,"Brian Robinson Jr.",WAS,"RB28","14","3 out of 5 stars","+10"
"83",6,"Evan Engram",JAC,"TE8","12","3 out of 5 stars","-10"
"84",6,"Jayden Daniels",WAS,"QB11","14","3 out of 5 stars","+16"
"85",6,"Brock Purdy",SF,"QB12","9","2 out of 5 stars","+3"
"86",6,"Jaylen Warren",PIT,"RB29","9","4 out of 5 stars","-2"
"87",6,"Devin Singletary",NYG,"RB30","11","3 out of 5 stars","-2"
"88",6,"Xavier Worthy",KC,"WR38","6","3 out of 5 stars","+7"
"89",7,"DeAndre Hopkins",TEN,"WR39","5","4 out of 5 stars","+8"
"90",7,"Jaxon Smith-Njigba",SEA,"WR40","10","3 out of 5 stars","+17"
"91",7,"Christian Watson",GB,"WR41","10","4 out of 5 stars","+8"
"92",7,"Jake Ferguson",DAL,"TE9","7","2 out of 5 stars","-12"
"93",7,"Tyjae Spears",TEN,"RB31","5","3 out of 5 stars","+8"
"94",7,"David Njoku",CLE,"TE10","10","3 out of 5 stars","-11"
"95",7,"Zack Moss",CIN,"RB32","12","3 out of 5 stars","-13"
"96",7,"Caleb Williams",CHI,"QB13","7","4 out of 5 stars","+8"
"97",7,"Rome Odunze",CHI,"WR42","7","4 out of 5 stars","-3"
"98",7,"Hollywood Brown",KC,"WR43","6","3 out of 5 stars","-9"
"99",7,"Courtland Sutton",DEN,"WR44","14","2 out of 5 stars","+14"
"100",7,"Tua Tagovailoa",MIA,"QB14","6","2 out of 5 stars","+3"
"101",7,"Jonathon Brooks",CAR,"RB33","11","4 out of 5 stars","-8"
"102",7,"Jared Goff",DET,"QB15","5","4 out of 5 stars","0"
"103",7,"Ladd McConkey",LAC,"WR45","5","3 out of 5 stars","+2"
"104",7,"Jordan Addison",MIN,"WR46","6","3 out of 5 stars","-6"
"105",7,"Chase Brown",CIN,"RB34","12","3 out of 5 stars","+5"
"106",7,"Trevor Lawrence",JAC,"QB16","12","5 out of 5 stars","+13"
"107",7,"Brock Bowers",LV,"TE11","10","4 out of 5 stars","-11"
"108",7,"Austin Ekeler",WAS,"RB35","14","3 out of 5 stars","-17"
"109",7,"Brian Thomas Jr.",JAC,"WR47","12","4 out of 5 stars","+14"
"110",7,"Dallas Goedert",PHI,"TE12","5","4 out of 5 stars","-4"
"111",7,"Gus Edwards",LAC,"RB36","5","4 out of 5 stars","+1"
"112",7,"Jerome Ford",CLE,"RB37","10","4 out of 5 stars","+2"
"113",7,"Jameson Williams",DET,"WR48","5","4 out of 5 stars","+2"
"114",7,"Nick Chubb",CLE,"RB38","10","4 out of 5 stars","-27"
"115",7,"Ezekiel Elliott",DAL,"RB39","7","3 out of 5 stars","-7"
"116",7,"Keon Coleman",BUF,"WR49","12","2 out of 5 stars","-5"
"117",7,"Tyler Lockett",SEA,"WR50","10","3 out of 5 stars","+15"
"118",7,"Justin Herbert",LAC,"QB17","5","2 out of 5 stars","+2"
"119",7,"Kirk Cousins",ATL,"QB18","12","3 out of 5 stars","+7"
"120",7,"Pat Freiermuth",PIT,"TE13","9","3 out of 5 stars","+7"
"121",7,"Jakobi Meyers",LV,"WR51","10","3 out of 5 stars","+17"
"122",7,"Dalton Schultz",HOU,"TE14","14","2 out of 5 stars","-4"
"123",8,"Joshua Palmer",LAC,"WR52","5","3 out of 5 stars","+27"
"124",8,"Matthew Stafford",LAR,"QB19","6","4 out of 5 stars","+15"
"125",8,"Curtis Samuel",BUF,"WR53","12","2 out of 5 stars","-4"
"126",8,"Rashid Shaheed",NO,"WR54","12","3 out of 5 stars","+17"
"127",8,"Blake Corum",LAR,"RB40","6","3 out of 5 stars","-11"
"128",8,"Romeo Doubs",GB,"WR55","10","4 out of 5 stars","+8"
"129",8,"Zach Charbonnet",SEA,"RB41","10","4 out of 5 stars","+6"
"130",8,"Chuba Hubbard",CAR,"RB42","11","4 out of 5 stars","+12"
"131",8,"Trey Benson",ARI,"RB43","11","2 out of 5 stars","-22"
"132",8,"Brandin Cooks",DAL,"WR56","7","3 out of 5 stars","+12"
"133",8,"Rico Dowdle",DAL,"RB44","7","3 out of 5 stars","+4"
"134",8,"Khalil Shakir",BUF,"WR57","12","2 out of 5 stars","-1"
"135",8,"Aaron Rodgers",NYJ,"QB20","12","2 out of 5 stars","-1"
"136",8,"Mike Williams",NYJ,"WR58","12","4 out of 5 stars","+18"
"137",8,"T.J. Hockenson",MIN,"TE15","6","2 out of 5 stars","-20"
"138",8,"Deshaun Watson",CLE,"QB21","10","4 out of 5 stars","+30"
"139",8,"Jerry Jeudy",CLE,"WR59","10","3 out of 5 stars","+6"
"140",8,"Ty Chandler",MIN,"RB45","6","3 out of 5 stars","+9"
"141",8,"Luke Musgrave",GB,"TE16","10","3 out of 5 stars","+25"
"142",8,"Baker Mayfield",TB,"QB22","11","2 out of 5 stars","+9"
"143",8,"Josh Downs",IND,"WR60","14","4 out of 5 stars","+17"
"144",8,"Tyler Allgeier",ATL,"RB46","12","4 out of 5 stars","+15"
"145",8,"Antonio Gibson",NE,"RB47","14","2 out of 5 stars","+7"
"146",8,"Geno Smith",SEA,"QB23","10","3 out of 5 stars","+43"
"147",8,"J.K. Dobbins",LAC,"RB48","5","4 out of 5 stars","-16"
"148",8,"Cole Kmet",CHI,"TE17","7","3 out of 5 stars","-19"
"149",8,"Jaleel McLaughlin",DEN,"RB49","14","4 out of 5 stars","+15"
"150",8,"Gabe Davis",JAC,"WR61","12","4 out of 5 stars","+5"
"151",8,"Jahan Dotson",WAS,"WR62","14","3 out of 5 stars","-3"
"152",8,"Hunter Henry",NE,"TE18","14","3 out of 5 stars","+35"
"153",8,"Dontayvion Wicks",GB,"WR63","10","4 out of 5 stars","+3"
"154",8,"Will Levis",TEN,"QB24","5","5 out of 5 stars","+13"
"155",8,"DeMario Douglas",NE,"WR64","14","3 out of 5 stars","+57"
"156",8,"Adam Thielen",CAR,"WR65","11","5 out of 5 stars","+6"
"157",8,"MarShawn Lloyd",GB,"RB50","10","1 out of 5 stars","0"
"158",8,"Adonai Mitchell",IND,"WR66","14","4 out of 5 stars","+5"
"159",8,"Khalil Herbert",CHI,"RB51","7","2 out of 5 stars","+22"
"160",9,"Ray Davis",BUF,"RB52","12","2 out of 5 stars","+42"
"161",9,"Michael Wilson",ARI,"WR67","11","3 out of 5 stars","+36"
"162",9,"Tyler Conklin",NYJ,"TE19","12","3 out of 5 stars","+23"
"163",9,"Taysom Hill",NO,"TE20","12","4 out of 5 stars","+32"
"164",9,"Darnell Mooney",ATL,"WR68","12","4 out of 5 stars","+40"
"165",9,"Ja'Lynn Polk",NE,"WR69","14","3 out of 5 stars","+15"
"166",9,"Kendre Miller",NO,"RB53","12","5 out of 5 stars","+10"
"167",9,"Daniel Jones",NYG,"QB25","11","2 out of 5 stars","+50"
"168",9,"Rashod Bateman",BAL,"WR70","14","3 out of 5 stars","+71"
"169",9,"Cade Otton",TB,"TE21","11","3 out of 5 stars","+22"
"170",9,"Jaylen Wright",MIA,"RB54","6","3 out of 5 stars","-24"
"171",9,"Derek Carr",NO,"QB26","12","4 out of 5 stars","+47"
"172",9,"Roschon Johnson",CHI,"RB55","7","2 out of 5 stars","+44"
"173",9,"Wan'Dale Robinson",NYG,"WR71","11","3 out of 5 stars","+55"
"174",9,"Xavier Legette",CAR,"WR72","11","5 out of 5 stars","-21"
"175",9,"Marvin Mims Jr.",DEN,"WR73","14","2 out of 5 stars","+55"
"176",9,"Bucky Irving",TB,"RB56","11","5 out of 5 stars","+24"
"177",9,"Noah Fant",SEA,"TE22","10","3 out of 5 stars","+22"
"178",9,"Braelon Allen",NYJ,"RB57","12","2 out of 5 stars","+23"
"179",9,"Baltimore Ravens",BAL,"DST1","14","2 out of 5 stars","-39"
"180",9,"Bryce Young",CAR,"QB27","11","5 out of 5 stars","+39"
"181",9,"Jermaine Burton",CIN,"WR74","12","2 out of 5 stars","+34"
"182",9,"Demarcus Robinson",LAR,"WR75","6","3 out of 5 stars","+58"
"183",9,"San Francisco 49ers",SF,"DST2","9","1 out of 5 stars","-58"
"184",9,"New York Jets",NYJ,"DST3","12","1 out of 5 stars","-54"
"185",9,"Dameon Pierce",HOU,"RB58","14","3 out of 5 stars","-1"
"186",9,"Elijah Mitchell",SF,"RB59","9","2 out of 5 stars","-11"
"187",9,"Isaiah Likely",BAL,"TE23","14","3 out of 5 stars","-13"
"188",9,"Dallas Cowboys",DAL,"DST4","7","4 out of 5 stars","-47"
"189",9,"Cleveland Browns",CLE,"DST5","10","2 out of 5 stars","-31"
"190",9,"Ricky Pearsall",SF,"WR76","9","2 out of 5 stars","-18"
"191",9,"Juwan Johnson",NO,"TE24","12","4 out of 5 stars","+60"
"192",9,"Chigoziem Okonkwo",TEN,"TE25","5","4 out of 5 stars","0"
"193",9,"Quentin Johnston",LAC,"WR77","5","3 out of 5 stars","+13"
"194",9,"Sam Darnold",MIN,"QB28","6","5 out of 5 stars","+43"
"195",9,"Ben Sinnott",WAS,"TE26","14","2 out of 5 stars","-2"
"196",9,"Justin Tucker",BAL,"K1","14","2 out of 5 stars","-74"
"197",9,"Javon Baker",NE,"WR78","14","3 out of 5 stars","+81"
"198",9,"Kansas City Chiefs",KC,"DST6","6","2 out of 5 stars","-27"
"199",9,"Pittsburgh Steelers",PIT,"DST7","9","4 out of 5 stars","-29"
"200",9,"Brandon Aubrey",DAL,"K2","7","2 out of 5 stars","-76"
"201",10,"Russell Wilson",PIT,"QB29","9","2 out of 5 stars","-15"
"202",10,"Buffalo Bills",BUF,"DST8","12","2 out of 5 stars","-12"
"203",10,"Audric Estime",DEN,"RB60","14","4 out of 5 stars","+20"
"204",10,"Alexander Mattison",LV,"RB61","10","3 out of 5 stars","+28"
"205",10,"Harrison Butker",KC,"K3","6","2 out of 5 stars","-77"
"206",10,"Darius Slayton",NYG,"WR79","11","3 out of 5 stars","+97"
"207",10,"Jason Sanders",MIA,"K4","6","2 out of 5 stars","-28"
"208",10,"Tyler Boyd",TEN,"WR80","5","4 out of 5 stars","+41"
"209",10,"Philadelphia Eagles",PHI,"DST9","5","3 out of 5 stars","-13"
"210",10,"Elijah Moore",CLE,"WR81","10","3 out of 5 stars","+87"
"211",10,"New Orleans Saints",NO,"DST10","12","5 out of 5 stars","+9"
"212",10,"Houston Texans",HOU,"DST11","14","2 out of 5 stars","-4"
"213",10,"Miami Dolphins",MIA,"DST12","6","2 out of 5 stars","-36"
"214",10,"Bo Nix",DEN,"QB30","14","2 out of 5 stars","-31"
"215",10,"Justice Hill",BAL,"RB62","14","3 out of 5 stars","+31"
"216",10,"Roman Wilson",PIT,"WR82","9","1 out of 5 stars","+19"
"217",10,"Jalin Hyatt",NYG,"WR83","11","3 out of 5 stars","+64"
"218",10,"Jake Elliott",PHI,"K5","5","2 out of 5 stars","-71"
"219",10,"Ka'imi Fairbairn",HOU,"K6","14","2 out of 5 stars","-54"
"220",10,"D'Onta Foreman",CLE,"RB63","10","4 out of 5 stars","+34"
"221",10,"Jake Moody",SF,"K7","9","1 out of 5 stars","-60"
"222",10,"Tyler Bass",BUF,"K8","12","5 out of 5 stars","-34"
"223",10,"Tank Bigsby",JAC,"RB64","12","2 out of 5 stars","+18"
"224",10,"Younghoe Koo",ATL,"K9","12","0 out of 5 stars","-51"
"225",10,"AJ Dillon",GB,"RB65","10","1 out of 5 stars","-31"
"226",10,"Clyde Edwards-Helaire",KC,"RB66","6","3 out of 5 stars","-4"
"227",10,"Chicago Bears",CHI,"DST13","7","3 out of 5 stars","+9"
"228",10,"Kenneth Gainwell",PHI,"RB67","5","4 out of 5 stars","+10"
"229",10,"Tyrone Tracy Jr.",NYG,"RB68","11","3 out of 5 stars","-31"
"230",10,"Mike Gesicki",CIN,"TE27","12","3 out of 5 stars","+12"
"231",10,"Kimani Vidal",LAC,"RB69","5","4 out of 5 stars","-62"
"232",10,"Evan McPherson",CIN,"K10","12","0 out of 5 stars","-50"
"233",10,"Jalen McMillan",TB,"WR84","11","3 out of 5 stars","+40"
"234",10,"Malachi Corley",NYJ,"WR85","12","4 out of 5 stars","+30"
"235",10,"Tucker Kraft",GB,"TE28","10","3 out of 5 stars","+61"
"236",10,"Troy Franklin",DEN,"WR86","14","2 out of 5 stars","-25"
"237",10,"Keaton Mitchell",BAL,"RB70","14","3 out of 5 stars","+16"
"238",10,"Odell Beckham Jr.",MIA,"WR87","6","2 out of 5 stars","+45"
"239",10,"Kendrick Bourne",NE,"WR88","14","3 out of 5 stars","+67"
"240",10,"DJ Chark Jr.",LAC,"WR89","5","3 out of 5 stars","+45"
"241",10,"Matt Gay",IND,"K11","14","5 out of 5 stars","-14"
"242",10,"Andrei Iosivas",CIN,"WR90","12","2 out of 5 stars","+58"
"243",10,"Zay Jones",ARI,"WR91","11","3 out of 5 stars","+45"
"244",10,"Miles Sanders",CAR,"RB71","11","4 out of 5 stars","+13"
"245",10,"Indianapolis Colts",IND,"DST14","14","4 out of 5 stars","-2"
"246",10,"Jonnu Smith",MIA,"TE29","6","2 out of 5 stars","-20"
"247",10,"Justin Fields",PIT,"QB31","9","2 out of 5 stars","-69"
"248",10,"Cameron Dicker",LAC,"K12","5","3 out of 5 stars","-45"
"249",10,"Jamaal Williams",NO,"RB72","12","5 out of 5 stars","+19"
"250",10,"Dustin Hopkins",CLE,"K13","10","2 out of 5 stars","+6"
"251",10,"Michael Mayer",LV,"TE30","10","4 out of 5 stars","+54"
"252",10,"Drake Maye",NE,"QB32","14","3 out of 5 stars","-23"
"253",10,"Cairo Santos",CHI,"K14","7","5 out of 5 stars","-9"
"254",10,"Will Shipley",PHI,"RB73","5","4 out of 5 stars","-21"
"255",10,"Jordan Mason",SF,"RB74","9","2 out of 5 stars","+22"
"256",10,"Treylon Burks",TEN,"WR92","5","4 out of 5 stars","+58"
"257",11,"Detroit Lions",DET,"DST15","5","0 out of 5 stars","-33"
"258",11,"A.T. Perry",NO,"WR93","12","3 out of 5 stars","+73"
"259",11,"Jason Myers",SEA,"K15","10","5 out of 5 stars","-52"
"260",11,"Jonathan Mingo",CAR,"WR94","11","5 out of 5 stars","+61"
"261",11,"Trey Sermon",IND,"RB75","14","2 out of 5 stars","+23"
"262",11,"Gardner Minshew II",LV,"QB33","10","2 out of 5 stars","-14"
"263",11,"Dylan Laube",LV,"RB76","10","3 out of 5 stars","+6"
"264",11,"Josh Reynolds",DEN,"WR95","14","2 out of 5 stars","+59"
"265",11,"Minnesota Vikings",MIN,"DST16","6","3 out of 5 stars","-34"
"266",11,"Cincinnati Bengals",CIN,"DST17","12","5 out of 5 stars","-7"
"267",11,"Ja'Tavion Sanders",CAR,"TE31","11","3 out of 5 stars","-9"
"268",11,"Luke McCaffrey",WAS,"WR96","14","3 out of 5 stars","-2"
"269",11,"Zach Ertz",WAS,"TE32","14","2 out of 5 stars","-9"
"270",11,"Dawson Knox",BUF,"TE33","12","2 out of 5 stars","-49"
"271",11,"Samaje Perine",DEN,"RB77","14","4 out of 5 stars","-16"
"272",11,"Jelani Woods",IND,"TE34","14","3 out of 5 stars","+21"
"273",11,"Jalen Tolbert",DAL,"WR97","7","3 out of 5 stars","-3"
"274",11,"Gerald Everett",CHI,"TE35","7","3 out of 5 stars","-"
"275",11,"Greg Dortch",ARI,"WR98","11","3 out of 5 stars","-10"
"276",11,"Jacksonville Jaguars",JAC,"DST18","12","4 out of 5 stars","-13"
"277",11,"Alec Pierce",IND,"WR99","14","4 out of 5 stars","+69"
"278",11,"Daniel Carlson",LV,"K16","10","2 out of 5 stars","-64"
"279",11,"K.J. Osborn",NE,"WR100","14","3 out of 5 stars","+49"
"280",11,"Eric Gray",NYG,"RB78","11","3 out of 5 stars","-1"
"281",11,"Cedric Tillman",CLE,"WR101","10","3 out of 5 stars","-"
"282",11,"Devontez Walker",BAL,"WR102","14","3 out of 5 stars","-10"
"283",11,"Greg Dulcich",DEN,"TE36","14","2 out of 5 stars","-31"
"284",11,"Trey Palmer",TB,"WR103","11","3 out of 5 stars","-"
"285",11,"Evan Hull",IND,"RB79","14","2 out of 5 stars","+40"
"286",11,"Greg Zuerlein",NYJ,"K17","12","4 out of 5 stars","-41"
"287",11,"Colby Parkinson",LAR,"TE37","6","3 out of 5 stars","-12"
"288",11,"Blake Grupe",NO,"K18","12","4 out of 5 stars","+47"
"289",11,"Green Bay Packers",GB,"DST19","10","1 out of 5 stars","-27"
"290",11,"Cordarrelle Patterson",PIT,"RB80","9","4 out of 5 stars","-"
"291",11,"Noah Brown",HOU,"WR104","14","3 out of 5 stars","-"
"292",11,"D'Ernest Johnson",JAC,"RB81","12","2 out of 5 stars","-"
"293",11,"Deuce Vaughn",DAL,"RB82","7","3 out of 5 stars","+19"
"294",11,"Michael Carter",ARI,"RB83","11","2 out of 5 stars","+54"
"295",11,"Denver Broncos",DEN,"DST20","14","3 out of 5 stars","-45"
"296",11,"Kadarius Toney",KC,"WR105","6","3 out of 5 stars","-"
"297",11,"Tyler Higbee",LAR,"TE38","6","3 out of 5 stars","-"
"298",11,"Aidan O'Connell",LV,"QB34","10","2 out of 5 stars","-24"
"299",11,"Brenden Rice",LAC,"WR106","5","3 out of 5 stars","-1"
"300",11,"Pierre Strong Jr.",CLE,"RB84","10","4 out of 5 stars","-"
"301",11,"Jeff Wilson Jr.",MIA,"RB85","6","3 out of 5 stars","+26"
"302",11,"Chris Rodriguez Jr.",WAS,"RB86","14","3 out of 5 stars","-"
"303",11,"Emari Demercado",ARI,"RB87","11","2 out of 5 stars","+46"
"304",11,"Jacoby Brissett",NE,"QB35","14","3 out of 5 stars","-33"
"305",11,"Chase Edmonds",TB,"RB88","11","5 out of 5 stars","-"
"306",11,"Isaac Guerendo",SF,"RB89","9","2 out of 5 stars","-24"
"307",11,"Theo Johnson",NYG,"TE39","11","4 out of 5 stars","-18"
"308",11,"Israel Abanikanda",NYJ,"RB90","12","2 out of 5 stars","-"
"309",11,"Jacob Cowing",SF,"WR107","9","2 out of 5 stars","-"
"310",11,"Las Vegas Raiders",LV,"DST21","10","3 out of 5 stars","-105"
"311",11,"Deneric Prince",KC,"RB91","6","3 out of 5 stars","-31"
"312",12,"Cam Akers",HOU,"RB92","14","3 out of 5 stars","+18"
"313",12,"Tutu Atwell",LAR,"WR108","6","3 out of 5 stars","-"
"314",12,"Hayden Hurst",LAC,"TE40","5","3 out of 5 stars","-28"
"315",12,"Robert Woods",HOU,"WR109","14","3 out of 5 stars","-"
"316",12,"Tyler Scott",CHI,"WR110","7","4 out of 5 stars","-"
"317",12,"Daniel Bellinger",NYG,"TE41","11","4 out of 5 stars","-27"
"318",12,"New England Patriots",NE,"DST22","14","2 out of 5 stars","-109"
"319",12,"Ronnie Rivers",LAR,"RB93","6","3 out of 5 stars","-"
"320",12,"Isaiah Spiller",LAC,"RB94","5","4 out of 5 stars","-"
"321",12,"Royce Freeman",DAL,"RB95","7","3 out of 5 stars","+19"
"322",12,"Kalif Raymond",DET,"WR111","5","4 out of 5 stars","-"
"323",12,"Rasheen Ali",BAL,"RB96","14","3 out of 5 stars","-5"
"324",12,"Nelson Agholor",BAL,"WR112","14","3 out of 5 stars","-"
"325",12,"Tim Patrick",DEN,"WR113","14","2 out of 5 stars","-18"
"326",12,"Kareem Hunt",FA,"RB97","-","-","-50"
"327",12,"Michael Thomas",FA,"WR114","-","-","-7"
"328",12,"Michael Penix Jr.",ATL,"QB36","12","3 out of 5 stars","-37"
"329",12,"Tampa Bay Buccaneers",TB,"DST23","11","4 out of 5 stars","-119"
"330",12,"Van Jefferson",PIT,"WR115","9","1 out of 5 stars","+14"
"331",12,"Marquez Valdes-Scantling",BUF,"WR116","12","2 out of 5 stars","-"
"332",12,"Jauan Jennings",SF,"WR117","9","2 out of 5 stars","+10"
"333",12,"Allen Lazard",NYJ,"WR118","12","4 out of 5 stars","+14"
"334",12,"Salvon Ahmed",FA,"RB98","-","-","-"
"335",12,"Jerick McKinnon",FA,"RB99","-","-","+10"
"336",12,"Tre Tucker",LV,"WR119","10","3 out of 5 stars","-20"
"337",12,"Malik Washington",MIA,"WR120","6","2 out of 5 stars","-24"
"338",12,"Ty Johnson",BUF,"RB100","12","2 out of 5 stars","-"
"339",12,"Calvin Austin III",PIT,"WR121","9","1 out of 5 stars","-20"
"340",12,"Will Dissly",LAC,"TE42","5","3 out of 5 stars","-29"
"341",12,"Donald Parham Jr.",LAC,"TE43","5","3 out of 5 stars","-"
"342",12,"Wil Lutz",DEN,"K19","14","2 out of 5 stars","-25"
"343",12,"Donovan Peoples-Jones",DET,"WR122","5","4 out of 5 stars","-"
"344",12,"Seattle Seahawks",SEA,"DST24","10","4 out of 5 stars","-119"
"345",12,"Bo Melton",GB,"WR123","10","4 out of 5 stars","-"
"346",12,"Kylen Granson",IND,"TE44","14","3 out of 5 stars","-38"
"347",12,"Noah Gray",KC,"TE45","6","3 out of 5 stars","-"
"348",12,"Sam Howell",SEA,"QB37","10","3 out of 5 stars","-24"
"349",12,"Los Angeles Rams",LAR,"DST25","6","2 out of 5 stars","-20"
"350",12,"Chris Boswell",PIT,"K20","9","4 out of 5 stars","-116"
"351",12,"Xavier Gipson",NYJ,"WR124","12","4 out of 5 stars","-"
"352",12,"Skyy Moore",KC,"WR125","6","3 out of 5 stars","-"
"353",12,"Joshua Kelley",NYG,"RB101","11","3 out of 5 stars","-"
"354",12,"New York Giants",NYG,"DST26","11","3 out of 5 stars","-141"
"355",12,"Dalvin Cook",FA,"RB102","-","-","-29"
"356",12,"Johnny Wilson",PHI,"WR126","5","2 out of 5 stars","-52"
"357",12,"Erick All Jr.",CIN,"TE46","12","3 out of 5 stars","-"
"358",12,"Jake Bates",DET,"K21","5","2 out of 5 stars","-111"
"359",12,"Los Angeles Chargers",LAC,"DST27","5","5 out of 5 stars","-49"
"360",12,"Jawhar Jordan",HOU,"RB103","14","3 out of 5 stars","-"
"361",12,"Parris Campbell",PHI,"WR127","5","2 out of 5 stars","-"
"362",12,"Justin Watson",KC,"WR128","6","3 out of 5 stars","-"
"363",12,"Brandon Powell",MIN,"WR129","6","3 out of 5 stars","-"
"364",12,"John Metchie III",HOU,"WR130","14","3 out of 5 stars","-"
"365",12,"Jordan Whittington",LAR,"WR131","6","3 out of 5 stars","-63"
"366",12,"Atlanta Falcons",ATL,"DST28","12","4 out of 5 stars","-65"
"367",13,"Logan Thomas",FA,"TE47","-","-","-"
"368",13,"Craig Reynolds",DET,"RB104","5","3 out of 5 stars","-"
"369",13,"Cedrick Wilson Jr.",NO,"WR132","12","3 out of 5 stars","-"
"370",13,"Matt Breida",SF,"RB105","9","2 out of 5 stars","-"
"371",13,"Greg Joseph",GB,"K22","10","5 out of 5 stars","-"
"372",13,"Ray-Ray McCloud III",ATL,"WR133","12","4 out of 5 stars","-29"
"373",13,"JuJu Smith-Schuster",FA,"WR134","-","-","-"
"374",13,"Joe Flacco",IND,"QB38","14","5 out of 5 stars","-75"
"375",13,"Drew Lock",NYG,"QB39","11","2 out of 5 stars","-"
"376",13,"Brandon McManus",FA,"K23","-","-","-"
"377",13,"Carolina Panthers",CAR,"DST29","11","4 out of 5 stars","-"
"378",13,"Tanner Hudson",CIN,"TE48","12","3 out of 5 stars","-"
"379",13,"Jarrett Stidham",DEN,"QB40","14","2 out of 5 stars","-"
"380",13,"Matt Prater",ARI,"K24","11","2 out of 5 stars","-119"
"381",13,"Brevin Jordan",HOU,"TE49","14","2 out of 5 stars","-"
"382",13,"Jameis Winston",CLE,"QB41","10","4 out of 5 stars","-41"
"383",13,"Chase McLaughlin",TB,"K25","11","3 out of 5 stars","-51"
"384",13,"Keaontay Ingram",KC,"RB106","6","3 out of 5 stars","-"
"385",13,"Cade Stover",HOU,"TE50","14","2 out of 5 stars","-"
"386",13,"Hunter Renfrow",FA,"WR135","-","-","-"
"387",13,"Parker Washington",JAC,"WR136","12","4 out of 5 stars","-"
"388",13,"Jeremy Ruckert",NYJ,"TE51","12","3 out of 5 stars","-"
"389",13,"Tommy Tremble",CAR,"TE52","11","3 out of 5 stars","-"
"390",13,"Ainias Smith",PHI,"WR137","5","2 out of 5 stars","-"
"391",13,"Mack Hollins",BUF,"WR138","12","2 out of 5 stars","-"
"392",13,"Isaiah Davis",NYJ,"RB107","12","2 out of 5 stars","-"
"393",13,"Nyheim Hines",CLE,"RB108","10","4 out of 5 stars","-"
"394",13,"Kenny Pickett",PHI,"QB42","5","2 out of 5 stars","-"
"395",13,"KaVontae Turpin",DAL,"WR139","7","3 out of 5 stars","-"
"396",13,"Jalen Nailor",MIN,"WR140","6","3 out of 5 stars","-"
"397",13,"Trenton Irwin",CIN,"WR141","12","2 out of 5 stars","-"
"398",13,"Austin Hooper",NE,"TE53","14","3 out of 5 stars","-"
"399",13,"Anders Carlson",GB,"K26","10","5 out of 5 stars","-"
"400",13,"Ameer Abdullah",LV,"RB109","10","3 out of 5 stars","-"
"401",13,"Blake Watson",DEN,"RB110","14","4 out of 5 stars","-"
"402",13,"Kevin Harris",NE,"RB111","14","2 out of 5 stars","-"
"403",13,"Jaret Patterson",LAC,"RB112","5","4 out of 5 stars","-"
"404",13,"Jase McClellan",ATL,"RB113","12","4 out of 5 stars","-"
"405",13,"Eddy Pineiro",CAR,"K27","11","3 out of 5 stars","-"
"406",13,"Johnny Mundt",MIN,"TE54","6","2 out of 5 stars","-"
"407",13,"Josh Oliver",MIN,"TE55","6","2 out of 5 stars","-"
"408",13,"Kyle Juszczyk",SF,"RB114","9","2 out of 5 stars","-"
"409",13,"Jaheim Bell",NE,"TE56","14","3 out of 5 stars","-"
"410",13,"Davis Allen",LAR,"TE57","6","3 out of 5 stars","-"
"411",13,"Sean Tucker",TB,"RB115","11","5 out of 5 stars","-"
"412",13,"Xavier Hutchinson",HOU,"WR142","14","3 out of 5 stars","-"
"413",13,"Jake Browning",CIN,"QB43","12","2 out of 5 stars","-126"
"414",13,"Washington Commanders",WAS,"DST30","14","5 out of 5 stars","-147"
"415",13,"Latavius Murray",FA,"RB116","-","-","-"
"416",13,"Adam Trautman",DEN,"TE58","14","2 out of 5 stars","-"
"417",13,"Dyami Brown",WAS,"WR143","14","3 out of 5 stars","-122"
"418",13,"Graham Gano",NYG,"K28","11","1 out of 5 stars","-"
"419",13,"Josh Whyle",TEN,"TE59","5","4 out of 5 stars","-"
"420",13,"Nick Mullens",MIN,"QB44","6","5 out of 5 stars","-"
"421",13,"Jake Bobo",SEA,"WR144","10","3 out of 5 stars","-"
"422",13,"Darnell Washington",PIT,"TE60","9","3 out of 5 stars","-"
"423",13,"Foster Moreau",NO,"TE61","12","4 out of 5 stars","-"
"424",13,"Joshua Karty",LAR,"K29","6","1 out of 5 stars","-109"
"425",13,"Cam Little",JAC,"K30","12","5 out of 5 stars","-"
"426",13,"Carson Steele",KC,"RB117","6","3 out of 5 stars","-87"
"427",13,"Kenny McIntosh",SEA,"RB118","10","4 out of 5 stars","-"
"428",13,"Lucas Krull",DEN,"TE62","14","2 out of 5 stars","-"
"429",13,"Nick Westbrook-Ikhine",TEN,"WR145","5","4 out of 5 stars","-"
"430",13,"Jared Wiley",KC,"TE63","6","3 out of 5 stars","-"
"431",13,"Nick Folk",TEN,"K31","5","5 out of 5 stars","-"
"432",13,"Luke Schoonmaker",DAL,"TE64","7","2 out of 5 stars","-"
"433",13,"Trayveon Williams",CIN,"RB119","12","3 out of 5 stars","-"
"434",13,"Mac Jones",JAC,"QB45","12","5 out of 5 stars","-"
"435",13,"Riley Patterson",WAS,"K32","14","2 out of 5 stars","-"
"436",14,"Mecole Hardman Jr.",KC,"WR146","6","3 out of 5 stars","-"
"437",14,"Jamari Thrash",CLE,"WR147","10","3 out of 5 stars","-"
"438",14,"Tyrod Taylor",NYJ,"QB46","12","2 out of 5 stars","-"
"439",14,"Quez Watkins",PIT,"WR148","9","1 out of 5 stars","-"
"440",14,"Robert Tonyan",MIN,"TE65","6","2 out of 5 stars","-"
"441",14,"KhaDarel Hodge",ATL,"WR149","12","4 out of 5 stars","-"
"442",14,"Sione Vaki",DET,"RB120","5","3 out of 5 stars","-104"
"443",14,"Marcus Mariota",WAS,"QB47","14","3 out of 5 stars","-"
"444",14,"Braxton Berrios",MIA,"WR150","6","2 out of 5 stars","-"
"445",14,"Tyquan Thornton",NE,"WR151","14","3 out of 5 stars","-"
"446",14,"Cole Turner",WAS,"TE66","14","2 out of 5 stars","-"
"447",14,"Kyle Philips",TEN,"WR152","5","4 out of 5 stars","-"
"448",14,"Casey Washington",ATL,"WR153","12","4 out of 5 stars","-"
"449",14,"Frank Gore Jr.",BUF,"RB121","12","2 out of 5 stars","-127"
"450",14,"Will Reichard",MIN,"K33","6","5 out of 5 stars","-158"
"451",14,"Kene Nwangwu",MIN,"RB122","6","3 out of 5 stars","-"
"452",14,"Cody Schrader",SF,"RB123","9","2 out of 5 stars","-"
"453",14,"Tyler Goodson",IND,"RB124","14","2 out of 5 stars","-"
"454",14,"Terrace Marshall Jr.",CAR,"WR154","11","5 out of 5 stars","-"
"455",14,"Elijah Higgins",ARI,"TE67","11","5 out of 5 stars","-"
"456",14,"Jamison Crowder",WAS,"WR155","14","3 out of 5 stars","-"
"457",14,"Chris Moore",ARI,"WR156","11","3 out of 5 stars","-"
"458",14,"Ryan Flournoy",DAL,"WR157","7","3 out of 5 stars","-"
"459",14,"Dare Ogunbowale",HOU,"RB125","14","3 out of 5 stars","-"
"460",14,"Charlie Jones",CIN,"WR158","12","2 out of 5 stars","-"
"461",14,"Jalen Brooks",DAL,"WR159","7","3 out of 5 stars","-"
"462",14,"Malik Davis",DAL,"RB126","7","3 out of 5 stars","-"
"463",14,"Spencer Rattler",NO,"QB48","12","4 out of 5 stars","-"
"464",14,"Isaiah McKenzie",NYG,"WR160","11","3 out of 5 stars","-"
"465",14,"Dillon Johnson",FA,"RB127","-","-","-"
"466",14,"Brett Maher",FA,"K34","-","-","-"
"467",14,"Alec Ingold",MIA,"RB128","6","3 out of 5 stars","-"
"468",14,"Will Mallory",IND,"TE68","14","3 out of 5 stars","-"
"469",14,"Joshua Dobbs",SF,"QB49","9","2 out of 5 stars","-"
"470",14,"Emanuel Wilson",GB,"RB129","10","1 out of 5 stars","-"
"471",14,"Durham Smythe",MIA,"TE69","6","2 out of 5 stars","-"
"472",14,"Olamide Zaccheaus",WAS,"WR161","14","3 out of 5 stars","-"
"473",14,"Laviska Shenault Jr.",SEA,"WR162","10","3 out of 5 stars","-"
"474",14,"Kendall Milton",PHI,"RB130","5","4 out of 5 stars","-"
"475",14,"David Bell",CLE,"WR163","10","3 out of 5 stars","-"
"476",14,"Isaiah Hodgins",NYG,"WR164","11","3 out of 5 stars","-"
"477",14,"Jalen Guyton",LV,"WR165","10","3 out of 5 stars","-"
"478",14,"Boston Scott",LAR,"RB131","6","3 out of 5 stars","-"
"479",14,"Derius Davis",LAC,"WR166","5","3 out of 5 stars","-"
"480",14,"AJ Barner",SEA,"TE70","10","3 out of 5 stars","-"
"481",14,"Allen Robinson II",NYG,"WR167","11","3 out of 5 stars","-"
"482",14,"Irv Smith Jr.",KC,"TE71","6","3 out of 5 stars","-"
"483",14,"DeeJay Dallas",ARI,"RB132","11","2 out of 5 stars","-"
"484",14,"Cornelius Johnson",LAC,"WR168","5","3 out of 5 stars","-"
"485",14,"Tennessee Titans",TEN,"DST31","5","3 out of 5 stars","-191"
"486",14,"Carson Wentz",KC,"QB50","6","3 out of 5 stars","-"
"487",14,"Zach Wilson",DEN,"QB51","14","2 out of 5 stars","-"
"488",14,"Bub Means",NO,"WR169","12","3 out of 5 stars","-"
"489",14,"Desmond Ridder",ARI,"QB52","11","2 out of 5 stars","-"
"490",14,"Devin Duvernay",JAC,"WR170","12","4 out of 5 stars","-"
"491",14,"Scotty Miller",PIT,"WR171","9","1 out of 5 stars","-"
"492",14,"Jimmy Garoppolo",LAR,"QB53","6","4 out of 5 stars","-"
"493",14,"Jordan Akins",CLE,"TE72","10","3 out of 5 stars","-"
"494",14,"Patrick Ricard",BAL,"RB133","14","3 out of 5 stars","-"
"495",14,"Hassan Haskins",TEN,"RB134","5","3 out of 5 stars","-"
"496",14,"Keilan Robinson",JAC,"RB135","12","2 out of 5 stars","-"
"497",14,"Trent Sherfield Sr.",MIN,"WR172","6","3 out of 5 stars","-"
"498",14,"Brock Wright",DET,"TE73","5","3 out of 5 stars","-"
"499",14,"Anthony Gould",IND,"WR173","14","4 out of 5 stars","-"
"500",14,"Jha'Quan Jackson",TEN,"WR174","5","4 out of 5 stars","-"
"501",14,"Emeka Egbuka",FA,"WR175","-","-","-"
"502",14,"Daurice Fountain",DET,"WR176","5","4 out of 5 stars","-"
"503",14,"Denzel Mims",JAC,"WR177","12","4 out of 5 stars","-"
"504",14,"Jeremy McNichols",WAS,"RB136","14","3 out of 5 stars","-"
"505",14,"Raheem Blackshear",CAR,"RB137","11","4 out of 5 stars","-"
"506",14,"Devaughn Vele",DEN,"WR178","14","2 out of 5 stars","-"
"507",14,"James Robinson",NO,"RB138","12","5 out of 5 stars","-"
"508",14,"MyCole Pruitt",PIT,"TE74","9","3 out of 5 stars","-"
"509",14,"Pharaoh Brown",SEA,"TE75","10","3 out of 5 stars","-"
"510",14,"Deonte Harty",BAL,"WR179","14","3 out of 5 stars","-"
"511",14,"Julius Chestnut",TEN,"RB139","5","3 out of 5 stars","-"
"512",14,"Zach Evans",LAR,"RB140","6","3 out of 5 stars","-"
"513",14,"Avery Williams",ATL,"RB141","12","4 out of 5 stars","-"
"514",14,"Justyn Ross",KC,"WR180","6","3 out of 5 stars","-"
"515",14,"Mike White",MIA,"QB54","6","2 out of 5 stars","-"
"516",14,"Josh Johnson",BAL,"QB55","14","4 out of 5 stars","-"
"517",14,"Arizona Cardinals",ARI,"DST32","11","3 out of 5 stars","-"
"518",14,"Mo Alie-Cox",IND,"TE76","14","3 out of 5 stars","-"
"519",14,"Hunter Luepke",DAL,"RB142","7","3 out of 5 stars","-"
"520",14,"Connor Heyward",PIT,"TE77","9","3 out of 5 stars","-"
"521",14,"Tip Reiman",ARI,"TE78","11","5 out of 5 stars","-"
"522",14,"Josh Crockett",FA,"WR181","-","-","-"
"523",14,"George Holani",SEA,"RB143","10","4 out of 5 stars","-"
"524",14,"Leonard Fournette",FA,"RB144","-","-","-"
"525",14,"Drew Sample",CIN,"TE79","12","3 out of 5 stars","-"
"526",14,"Dylan Parham",FA,"TE80","-","-","-"
"527",14,"Harrison Bryant",LV,"TE81","10","4 out of 5 stars","-"
"528",14,"Jalen Coker",CAR,"WR182","11","5 out of 5 stars","-"
"529",15,"Myles Gaskin",MIN,"RB145","6","3 out of 5 stars","-"
"530",15,"C.J. Ham",MIN,"RB146","6","3 out of 5 stars","-"
"531",15,"Equanimeous St. Brown",NO,"WR183","12","3 out of 5 stars","-"
"532",15,"Michael Burton",DEN,"RB147","14","4 out of 5 stars","-"
"533",15,"Zach Pascal",ARI,"WR184","11","3 out of 5 stars","-"
"534",15,"Lawrence Cager",NYG,"WR185","11","3 out of 5 stars","-"
"535",15,"Mason Rudolph",TEN,"QB56","5","5 out of 5 stars","-"
"536",15,"Daijun Edwards",PIT,"RB148","9","4 out of 5 stars","-"
"537",15,"Khari Blasingame",CHI,"RB149","7","2 out of 5 stars","-203"
"538",15,"Joe Parker",FA,"WR186","-","-","-"
"539",15,"Dante Pettis",CHI,"WR187","7","4 out of 5 stars","-"
"540",15,"Tommy DeVito",NYG,"QB57","11","2 out of 5 stars","-204"
"541",15,"Dallin Holker",NO,"TE82","12","4 out of 5 stars","-"
"542",15,"Chris Conley",SF,"WR188","9","2 out of 5 stars","-"
"543",15,"Dante Miller",NYG,"RB150","11","3 out of 5 stars","-"
"544",15,"Chris Brooks",MIA,"RB151","6","3 out of 5 stars","-"
"545",15,"Charlie Woerner",ATL,"TE83","12","3 out of 5 stars","-"
"546",15,"Darrynton Evans",BUF,"RB152","12","2 out of 5 stars","-"
"547",15,"Stephen Sullivan",FA,"TE84","-","-","-"
"548",15,"Carlos Washington Jr.",ATL,"RB153","12","4 out of 5 stars","-"
"549",15,"JaMycal Hasty",NE,"RB154","14","2 out of 5 stars","-"
"550",15,"Luke Farrell",JAC,"TE85","12","3 out of 5 stars","-"
"551",15,"Zonovan Knight",DET,"RB155","5","3 out of 5 stars","-"
"552",15,"Adam Prentice",NO,"RB156","12","5 out of 5 stars","-"
"553",15,"Jack Stoll",NYG,"TE86","11","4 out of 5 stars","-"
"554",15,"Donovan Edwards",FA,"RB157","-","-","-"
"555",15,"Xavier Weaver",ARI,"WR189","11","3 out of 5 stars","-"
"556",15,"Lil'Jordan Humphrey",DEN,"WR190","14","2 out of 5 stars","-"
"557",15,"TreVeyon Henderson",FA,"RB158","-","-","-"
"558",15,"Ihmir Smith-Marsette",CAR,"WR191","11","5 out of 5 stars","-"
"559",15,"Louis Rees-Zammit",KC,"RB159","6","3 out of 5 stars","-250"
"560",15,"Stone Smartt",LAC,"TE87","5","3 out of 5 stars","-"
"561",15,"Reggie Gilliam",BUF,"RB160","12","2 out of 5 stars","-"
"562",15,"Marcus Rosemy-Jacksaint",WAS,"WR192","14","3 out of 5 stars","-"
"563",15,"Grant DuBose",GB,"WR193","10","4 out of 5 stars","-"
"564",15,"Ian Thomas",CAR,"TE88","11","3 out of 5 stars","-"
"565",15,"Chris Blair",ATL,"WR194","12","4 out of 5 stars","-"
"566",15,"La'Mical Perine",PIT,"RB161","9","4 out of 5 stars","-"
"567",15,"Nick Vannett",TEN,"TE89","5","4 out of 5 stars","-"
"568",15,"Payne Durham",TB,"TE90","11","3 out of 5 stars","-"
"569",15,"Sterling Shepard",TB,"WR195","11","3 out of 5 stars","-"
"570",15,"Simi Fehoko",LAC,"WR196","5","3 out of 5 stars","-"
"571",15,"Demetric Felton Jr.",IND,"RB162","14","2 out of 5 stars","-"
"572",15,"Isaiah Williams",DET,"WR197","5","4 out of 5 stars","-"
"573",15,"Velus Jones Jr.",CHI,"WR198","7","4 out of 5 stars","-"
"574",15,"Bryson Nesbit",FA,"TE91","-","-","-"
"575",15,"Emani Bailey",KC,"RB163","6","3 out of 5 stars","-"
"576",15,"Jaxon Janke",FA,"WR199","-","-","-"